Iteration,Average Memory Usage (GB),Memory Copy Throughput(MiB/s)
Baseline,2.5150226593017577,6247.693
1,26.8439208984375,4363.093
2,22.223816680908204,4372.888
