Iteration,Average Memory Usage (GB)
Baseline,2.4326101303100587
1,50.57457447052002
2,52.16822967529297
