Iteration,Average Memory Usage (GB)
Baseline,2.488120269775391
1,3.2027679443359376
2,3.5535400390625
